name,address,lat,lng,rating,reviews,location_name,fsq_id
Flamboyante,"World Trade Centre (Cuffe Parade, Colaba), Mumbai 400005, Mahārāshtra",0,0,,0,Colaba,
Village,"World Trade Centre, Tower 5 (Cuffe Parade), Mumbai 400005, Mahārāshtra",0,0,,0,Colaba,
Nature's Basket,"World Trade Centre Arcade (Cuffe Parade), Mumbai 400005, Mahārāshtra",0,0,,0,Colaba,
Baskin-Robbins,"World Trade Center Shopping Arcade, Mumbai 400005, Mahārāshtra",0,0,,0,Colaba,
UAE Consulate General,"United Arab Emirates Consulate General in Mumbai, India (No.7, Jolly Maker, Apartment No. 1, Cuffe Parade, ), Mumbai 400005, Mahārāshtra",0,0,,0,Colaba,
Vivek Vaswani,"141 142 Dalamal Park, Cuffe Parade Bombay, 400005",0,0,,0,Colaba,
Vijay Medico Pharma,"12/C Usha Sadan, S B S Road, Mumbai 400005, Mahārāshtra",0,0,,0,Colaba,
Mulla Auditorium,"Colaba, Mumbai, Mahārāshtra",0,0,,0,Colaba,
Manoj,,0,0,,0,Colaba,
WTC Pasta,Cuffe Parade,0,0,,0,Colaba,
Colaba Woods,"Off Prakash Pathe Road, Mumbai 400 005, Mahārāshtra",0,0,,0,Colaba,
Colabawoods Basketball Court,"Cuffe Parade 50, Mumbai 400005, Mahārāshtra",0,0,,0,Colaba,
Cuffe Parade,"Cuffe Parade,, Mumbai 400 005., Mahārāshtra",0,0,,0,Colaba,
King Plaza,"Maker Arcade (Cuffe Parade), Mumbai 400005, Mahārāshtra",0,0,,0,Colaba,
Mr. Chow,"Shahid Bhagatsingh Marg, Colaba, Mumbai, Mahārāshtra",0,0,,0,Colaba,
Natural's Ice Cream,"Mumbai, Mahārāshtra",0,0,,0,Colaba,
Idris Bhai Roll,,0,0,,0,Colaba,
Maker Arcade,"Maker Towers (Cuffe Parade), Mumbai 400005, Mahārāshtra",0,0,,0,Colaba,
Café Coffee Day,"Maker Arcade (Cuffe Parade), Mumbai 400005, Mahārāshtra",0,0,,0,Colaba,
Santoor,"9/10 Maker Arcade, Mumbai 400 005, Mahārāshtra",0,0,,0,Colaba,
B. D. Somani International School,"Cuffe Parade (G. D. Somani marg), Mumbai 400 005, Mahārāshtra",0,0,,0,Colaba,
Land's End Park,,0,0,,0,Colaba,
Gym TajHotel,www.tajhotels.com,0,0,,0,Colaba,
Santoor Pure Vegetarian,,0,0,,0,Colaba,
Good Luck Motor Driving School,"7, Hampton Court (125 Wodehouse Road, Volans), Mumbai 400005, Mahārāshtra",0,0,,0,Colaba,
Sunshine Snack Corner,,0,0,,0,Colaba,
La Patisserie,"Vivanta by Taj President (90 Cuffe Parade), Mumbai 400005, Mahārāshtra",0,0,,0,Colaba,
Thai Pavilion,"Vivanta by Taj - President (90 Cuffe Parade), Mumbai 400005, Mahārāshtra",0,0,,0,Colaba,
Konkan Cafe,"Vivanta by Taj - President (90 Cuffe Parade), Mumbai 400005, Mahārāshtra",0,0,,0,Colaba,
Wink,"Vivanta by Taj - President (90 Cuffe Parade), Mumbai 400005, Mahārāshtra",0,0,,0,Colaba,
Konkan Cafe,"90 Cuffe Parade, Mumbai 400005, Mahārāshtra",0,0,,0,Colaba,
Trattoria,"Vivanta by Taj - President (90 Cuffe Parade), Mumbai 400005, Mahārāshtra",0,0,,0,Colaba,
Pasta Ring,"Cuffe parade, Mumbai, Mahārāshtra",0,0,,0,Colaba,
Consulate General of the United Arab Emirates,"Maker Tower 'F' (Cuffe Parade), Mumbai 400005, Mahārāshtra",0,0,,0,Colaba,
Alliance Française,"G D Somani Marg (Cuffe Parade), Mumbai 400005, Mahārāshtra",0,0,,0,Colaba,
Olympia Coffee House,"1 Shahid Bhagat Singh Road, Mumbai 400 039, Mahārāshtra",0,0,,0,Colaba,
Umame,"church gate, Mumbai, Mahārāshtra",0,0,,0,Fort,
Pronto,"Churchgate, Eros Cinema Building (Maharishi Karve Road), Mumbai 400020, Mahārāshtra",0,0,,0,Fort,
Eros Theatre,"JN Tata Road, Mumbai, Mahārāshtra",0,0,,0,Fort,
Eros Cinema,"M.K.Road, Mumbai 400020, Mahārāshtra",0,0,,0,Fort,
Café Coffee Day,"Churchgate Station (Next To Eros Theatre), Mumbai 400020, Mahārāshtra",0,0,,0,Fort,
Subway,"Eros Cinema Building, Churchgate (Veer Nariman Rd.), Mumbai 400020, Mahārāshtra",0,0,,0,Fort,
Archies Gallery,"Jamshedji Tata Road (Churchgate), Mumbai, Mahārāshtra",0,0,,0,Fort,
Markiv's,"Jamshedji Tata Road, Mumbai 400 020, Mahārāshtra",0,0,,0,Fort,
Hearth on the First,"Mumbai 400020, Mahārāshtra",0,0,,0,Fort,
Hutatma Chowk,"Veer Nariman Road, Mumbai 400 001, Mahārāshtra",0,0,,0,Fort,
Coronation Cigar Factory,"63 Mahatma Gandhi Road (Near Kala Ghoda), Mumbai 400001, Mahārāshtra",0,0,,0,Fort,
Jai Mata di juice centre,"Opposite Flora fountain, Mumbai, Mahārāshtra",0,0,,0,Fort,
Flora Fountain,"Veer Nariman Road (D. N. Road, Fort), Mumbai 400001, Mahārāshtra",0,0,,0,Fort,
Café Coffee Day,"Mahatma Gandhi Road (Homi Mody Street), Mumbai 400001, Mahārāshtra",0,0,,0,Fort,
Churchgate,"Mumbai, Mahārāshtra",0,0,,0,Fort,
Rameshwaram - Churchgate,"Jamshedji Tata Road, Mumbai 400020, Mahārāshtra",0,0,,0,Fort,
Fountain Sizzlers Restaurant,"57 Mahatma Gandhi Road, Mumbai 400 023, Mahārāshtra",0,0,,0,Fort,
Rajabai Clock Tower,"M.G Road, Mumbai 400 032, Mahārāshtra",0,0,,0,Fort,
Kalaghoda Festival,"44 Tamarind Ln, Mahārāshtra",0,0,,0,Fort,
Kitab Khana,"Flora Fountain, Mumbai 400001, Mahārāshtra",0,0,,0,Fort,
Suryodaya,"Opp. Churchgate Station, Mumbai, Mahārāshtra",0,0,,0,Fort,
Stadium Restaurant & Stores,"Veer Nariman Road (Next to Vodafone Store, Churchgate), Mumbai 400023, Mahārāshtra",0,0,,0,Fort,
Oval Maidan,"Maharshi Karve Rd, Mumbai 400020, Mahārāshtra",0,0,,0,Fort,
Nandan Coffee,"Mumbai 400001, Mahārāshtra",0,0,,0,Fort,
Zara,"Flora Fountain, Mumbai 400023, Mahārāshtra",0,0,,0,Fort,
India Restaurant,"82, Janma Bhoomio Marg, (Fort), Mumbai 400001, Mahārāshtra",0,0,,0,Fort,
The Karnatak Sports Association,"Karnatak Sports Centre, Cross Maidan, Mumbai, Mahārāshtra",0,0,,0,Fort,
Mocking Bird Cafe & Bar,"Next to Ambassador (Churchgate), Mumbai, Mahārāshtra",0,0,,0,Fort,
Burger King,"Churchgate, Mumbai 400020, Mahārāshtra",0,0,,0,Fort,
Oxford Bookstore,"3 Dinsha Vachha Road, Mumbai 400 020, Mahārāshtra",0,0,,0,Fort,
Delhi Highway,"Mistry Mansion (M. G Road), Mumbai 400023, Mahārāshtra",0,0,,0,Fort,
Cafe Military,"Near High Court (Flora Fountain), Mumbai, Mahārāshtra",0,0,,0,Fort,
Cha Bar,Oxford Book Store,0,0,,0,Fort,
Indian Summer,"80 Veer Nariman Road, Mumbai 400 020, Mahārāshtra",0,0,,0,Fort,
Volga Paan Wala,"Near hornimon circle, Fort (D N Road, Hutatama Chowk), Mumbai, Mahārāshtra",0,0,,0,Fort,
The J,,0,0,,0,Fort,
The Local,"Currimjee Building, opp. Mumbai university, (Mahatma Gnadhi Road, Fort), Mumbai Maharashtra, Mahārāshtra",0,0,,0,Fort,
Gaylord Restaurant,"V. N. Road (Churchgate), Mumbai 400 020, Mahārāshtra",0,0,,0,Fort,
The Gaylord Bakeshop,"Churchgate, Mumbai, Mahārāshtra",0,0,,0,Fort,
Mockingbird Cafe,"80 Veer Nariman Road, Church Gate, Mumbai, Mahārāshtra",0,0,,0,Fort,
Globus @Khalagoda,,0,0,,0,Fort,
Samrat Veg Restaurant,"J. D. Tata Road, Mumbai 400 020, Mahārāshtra",0,0,,0,Fort,
Crossroads92,,0,0,,0,Fort,
ShivSagar,"82 Veer Nariman Road, Nagin Mahal, Church Gate, Mumbai, Mahārāshtra",0,0,,0,Fort,
theobroma,Fort,0,0,,0,Fort,
Relish,"Prem Court, Dinshaw Walcha Road (Churchgate), Mumbai 400 020, Mahārāshtra",0,0,,0,Fort,
Shiv Sagar,"Next to Mocha (Churchgate), Mumbai 400020, Mahārāshtra",0,0,,0,Fort,
Vihar,"Near churchgate Station, Mumbai, Mahārāshtra",0,0,,0,Fort,
The Cathedral & John Connon Junior School,"Ground Floor, Kala Ghoda Fort, Mumbai 400001, Mahārāshtra",0,0,,0,Fort,
Oh Dough,"Hind Rajasthan Chambers, (6 Allana Marg), Fort, Mumbai 400001, Maharshtra",0,0,,0,Fort,
Mad Over Donuts,,0,0,,0,Churchgate,
Burger King,"Churchgate, Mumbai 400020, Mahārāshtra",0,0,,0,Churchgate,
Sahyadri,,0,0,,0,Churchgate,
Suryodaya,"Opp. Churchgate Station, Mumbai, Mahārāshtra",0,0,,0,Churchgate,
Mockingbird Cafe,"80 Veer Nariman Road, Church Gate, Mumbai, Mahārāshtra",0,0,,0,Churchgate,
Indian Summer,"80 Veer Nariman Road, Mumbai 400 020, Mahārāshtra",0,0,,0,Churchgate,
Stadium Restaurant & Stores,"Veer Nariman Road (Next to Vodafone Store, Churchgate), Mumbai 400023, Mahārāshtra",0,0,,0,Churchgate,
Shiv Sagar,"Next to Mocha (Churchgate), Mumbai 400020, Mahārāshtra",0,0,,0,Churchgate,
The Gaylord Bakeshop,"Churchgate, Mumbai, Mahārāshtra",0,0,,0,Churchgate,
ShivSagar,"82 Veer Nariman Road, Nagin Mahal, Church Gate, Mumbai, Mahārāshtra",0,0,,0,Churchgate,
Hearth on the First,"Mumbai 400020, Mahārāshtra",0,0,,0,Churchgate,
Wok Express,"Shop 3, Ground Floor, Rajmahal Building, 84 Veer Nariman Road, Church Gate, Mumbai, Mahārāshtra",0,0,,0,Churchgate,
Gaylord Restaurant,"V. N. Road (Churchgate), Mumbai 400 020, Mahārāshtra",0,0,,0,Churchgate,
K Rustoms Ice Cream,"Veer Nariman Rd, Mumbai 400020, Mahārāshtra",0,0,,0,Churchgate,
Markiv's,"Jamshedji Tata Road, Mumbai 400 020, Mahārāshtra",0,0,,0,Churchgate,
The Society - The Ambassador,"V.N. Road, Churchgate (Mumbai), Mumbai 400020, Mahārāshtra",0,0,,0,Churchgate,
The Dome,"The Intercontinental Marine Drive (135 Marine Drive), Mumbai 400020, Mahārāshtra",0,0,,0,Churchgate,
Churchgate,"Mumbai, Mahārāshtra",0,0,,0,Churchgate,
Natural's Ice Cream Parlour,"Marine Drive, Mumbai 400020, Mahārāshtra",0,0,,0,Churchgate,
Tbz,"Shop No 2, Sunder Mahal, 92, Veer Nariman Road, Mumbai, Mahārāshtra",0,0,,0,Churchgate,
Mumbai Hockey Association Ground,,0,0,,0,Churchgate,
Mocking Bird Cafe & Bar,"Next to Ambassador (Churchgate), Mumbai, Mahārāshtra",0,0,,0,Churchgate,
Eros Cinema,"M.K.Road, Mumbai 400020, Mahārāshtra",0,0,,0,Churchgate,
Subway,"Eros Cinema Building, Churchgate (Veer Nariman Rd.), Mumbai 400020, Mahārāshtra",0,0,,0,Churchgate,
Dudh Nath Panwala,"137 Jyoti Sadan A Road, Beside Intercontinental Hotel, Church Gate, Mumbai, Mahārāshtra",0,0,,0,Churchgate,
Kebab Korner,"The Intercontinental Marine Drive (135 Marine Drive), Mumbai 400 020, Mahārāshtra",0,0,,0,Churchgate,
"Long & Short, The GastroBar","Level 1, The InterContinental Marine Drive (135 Marine Drive), Mumbai 400020, Mahārāshtra",0,0,,0,Churchgate,
Onyx,"Hotel Intercontinental (135 Marine Drive), Mumbai 400020, Mahārāshtra",0,0,,0,Churchgate,
Café Coffee Day,"Churchgate Station (Next To Eros Theatre), Mumbai 400020, Mahārāshtra",0,0,,0,Churchgate,
kebab corner inter cntinental,,0,0,,0,Churchgate,
Eros Theatre,"JN Tata Road, Mumbai, Mahārāshtra",0,0,,0,Churchgate,
Queen's Necklace,"Marine Drive, Mumbai, Mahārāshtra",0,0,,0,Churchgate,
The Karnatak Sports Association,"Karnatak Sports Centre, Cross Maidan, Mumbai, Mahārāshtra",0,0,,0,Churchgate,
Bca Bar Lounge,"Garware Club House (D Road), Mumbai 400020, Mahārāshtra",0,0,,0,Churchgate,
Baskin-Robbins,"Marine Lines (Near Churchgate Station), Mumbai 400020, Mahārāshtra",0,0,,0,Churchgate,
Archies Gallery,"Jamshedji Tata Road (Churchgate), Mumbai, Mahārāshtra",0,0,,0,Churchgate,
Sunderbai Hall,,0,0,,0,Churchgate,
Cross Maidan,"Mahatma Gandhi Road, Mumbai 400 001, Mahārāshtra",0,0,,0,Churchgate,
Pizza By The Bay,"Marine Dr, Churchgate, Mumbai, Mahārāshtra",0,0,,0,Churchgate,
Garware Club House,"D Road, Wankhede Stadium (Marine Drive), Mumbai 400020, Mahārāshtra",0,0,,0,Churchgate,
Pronto,"Churchgate, Eros Cinema Building (Maharishi Karve Road), Mumbai 400020, Mahārāshtra",0,0,,0,Churchgate,
Brabourne Stadium,"Dinshaw Vachha Road, Mumbai 400 020, Mahārāshtra",0,0,,0,Churchgate,
Umame,"church gate, Mumbai, Mahārāshtra",0,0,,0,Churchgate,
Rameshwaram - Churchgate,"Jamshedji Tata Road, Mumbai 400020, Mahārāshtra",0,0,,0,Churchgate,
Wet Wicket Bar,"Cricket Club of India (Churchgate), Mumbai 400020, Mahārāshtra",0,0,,0,Churchgate,
Voodoo,"Apollo Bunder, Mumbai, Mahārāshtra",0,0,,0,Churchgate,
Fashion Street,"Mahatma Gandhi Road, Mumbai 400 001, Mahārāshtra",0,0,,0,Churchgate,
All Rounder,CCI,0,0,,0,Churchgate,
Khao Galli,,0,0,,0,Churchgate,
Café Coffee Day,"Mumbai 400020, Mahārāshtra",0,0,,0,Churchgate,
Hindu Gymkhana,"near marine lines station (marine lines), Mumbai, Mahārāshtra",0,0,,0,Marine Lines,
Kapoor Kulfi,"75/D, Shree Kant Palekar Marg, Chandanwadi, Mumbai, Mahārāshtra",0,0,,0,Marine Lines,
Parsee Gymkhana,"D Mullah Marg, Mumbai 400 002, Mahārāshtra",0,0,,0,Marine Lines,
5 Spice,"Marine Lines, Mumbai, Mahārāshtra",0,0,,0,Marine Lines,
Café Coffee Day,"Princess street (Next to parsi dairy), Mumbai 400002, Mahārāshtra",0,0,,0,Marine Lines,
Shroff Eye Clinic,"Gobind Mahal, 86 B Marine Drive (G Road), Mumbai, Mahārāshtra",0,0,,0,Marine Lines,
Little Italy's La Pizzeria,"Ground Floor, Block No. 5, Shalimar Building, 91 G, Mumbai 400020, Mahārāshtra",0,0,,0,Marine Lines,
P.M.Sanghvi & Co Jewellers,"540-A JSS Road (Chira Bazar), Mumbai 400002, Mahārāshtra",0,0,,0,Marine Lines,
Bhimji Bone Setter,"Princess Street, Mumbai, Mahārāshtra",0,0,,0,Marine Lines,
Jyoti Veg Restaurant,"khodadad circle (dadar TT), Mumbai 400014, Mahārāshtra",0,0,,0,Dadar,
Café Coffee Day,"Shop No 11 And 12, Empress Mahal, C-170, Dr Ambedkar Road, Dadar Tt, Khodadad Circle, Dadar East, Mumbai, Mahārāshtra",0,0,,0,Dadar,
Pritam Da Dhaba,"Dr. Ambedkar Road, Dadar (East), Mumbai 400014, Mahārāshtra",0,0,,0,Dadar,
Grandmama's Café,"Next To Pritam (Off BA road), Mumbai 400014, Mahārāshtra",0,0,,0,Dadar,
Café Coffee Day,"Swami Gyan Jivandas Marg (Dr Ambedkar Marg), Mumbai 400014, Mahārāshtra",0,0,,0,Dadar,
Hotel Midtown Pritam,"Dharam Putra, Dadar TT Cir, Dadar East, Dadar, Mumbai 400014, Mahārāshtra",0,0,,0,Dadar,
"G.S.B. Sarvajanik Ganeshotsav Mandal, Wadala","Katrak Road (Wadala), Mumbai, Mahārāshtra",0,0,,0,Dadar,
Kohinoor Electronics Dadar,"Opp Dadar Fire Brigade (Station Road), Mumbai 400014, Mahārāshtra",0,0,,0,Dadar,
Parag Juice Center,"Circle, Dadar West, Mumbai, Maharashtra (Dadar (West)), Mumbai, Mahārāshtra",0,0,,0,Dadar,
Mandir devi,"Mumbai, Mahārāshtra",0,0,,0,Dadar,
Art Gallery,"Mumbai, Mahārāshtra",0,0,,0,Dadar,
Dadar TT,Mahārāshtra,0,0,,0,Dadar,
Time Watchmakers,"D-14 Empire Mahal, Khodadad Circle (Dadar T.T.), Mumbai 400014, Mahārāshtra",0,0,,0,Dadar,
D. Damodar Mithaiwala,"Khodadad Circle, Mumbai 400 014, Mahārāshtra",0,0,,0,Dadar,
Cafe Colony Stores,Hindu Colony,0,0,,0,Dadar,
Shinde Masala Mart,Wadala,0,0,,0,Dadar,
Flarepath,"Wadala Udyog Bhavan, Mumbai 400031, Mahārāshtra",0,0,,0,Dadar,
Punjabi Tadka,"opp Swami Narayan Mandir, Dadar east, Mumbai 400014, Mahārāshtra",0,0,,0,Dadar,
Great punjab restaurant,"186 prakash mansion (Dadar E), Mumbai 400014, Mahārāshtra",0,0,,0,Dadar,
Nico hall,"Road No 26, Dadar East, Mumbai, Mahārāshtra",0,0,,0,Dadar,
Nuetron (Blackberry Service Center),,0,0,,0,Dadar,
Fumes,"MMG Sangrahalaya Marg, Dadar West, Mumbai, Mahārāshtra",0,0,,0,Dadar,
The Rolling Pin,,0,0,,0,Lower Parel,
SpiceKlub,"8A, Janta Industrial Estate, Opposite Phoenix Mills, Senapati Bapat Road (Lower Parel), Mumbai, Mahārāshtra",0,0,,0,Lower Parel,
Quattro Ristorante,"7, Janta Industrial Estate, Opp. High Street Phoenix (Senapati Bapat Marg, Lower Parel), Mumbai 400013, Mahārāshtra",0,0,,0,Lower Parel,
Barista,"Phoenix Mills, Lower Parel, Mumbai, Mahārāshtra",0,0,,0,Lower Parel,
Ithaka,"Above Riso (Opposite Phoenix Mills, lower Parel), Mumbai, Mahārāshtra",0,0,,0,Lower Parel,
ZARA,"Palladium Mall , High Street Phoenix (Phoenix Mills Compound, Lower Parel), Mumbai 400013, Mahārāshtra",0,0,,0,Lower Parel,
Skyzone Mall,"Senapati Bapat Marg (Lower Parel), Mumbai, Mahārāshtra",0,0,,0,Lower Parel,
The Irish House,"High Street Phoenix (Lower Parel, Senapati Bapat Marg), Mumbai 400013, Mahārāshtra",0,0,,0,Lower Parel,
Burberry,"Palladium Mall, 462 Senapati Bapat Marg, Mumbai 400013, Mahārāshtra",0,0,,0,Lower Parel,
The Collective,"The Collective, Palladium Mall, Level 2 & 3, High Street Phoenix (Senapati Bapat Marg, Lower Parel), Mumbai 400013, Mahārāshtra",0,0,,0,Lower Parel,
Riso,"Gala 1, Sb Road, Lower Parel, Mumbai, Mahārāshtra",0,0,,0,Lower Parel,
Punjab Grill,"Palladium Mall (Senapati Bapat Road), Mumbai 400013, Mahārāshtra",0,0,,0,Lower Parel,
Diesel Store,"G14-15, Palladium, High Street Pheonix, (642 Senapati Bapat Marg), Mumbai 400013, Mahārāshtra",0,0,,0,Lower Parel,
ALDO,"Palladium Mall, Pheonix Mill Compound (Senapati Bapat Marg, Lower Parel (West)), Mumbai 400013, Mahārāshtra",0,0,,0,Lower Parel,
Gelato Italiano,"Ground Floor, Skyzone, High Street Phoenix (Senapati Bapat Road, Lower Parel), Mumbai 400013, Mahārāshtra",0,0,,0,Lower Parel,
Palladium,"High Street Phoenix, (Senapati Bapat Marg,), Mumbai 400013, Mahārāshtra",0,0,,0,Lower Parel,
The Coffee Bean & Tea Leaf,"G-22/23, Skyzone,Phoenix Mills Compound, Lower Parel. (High Street Phoenix, Lower Parel), Mumbai 400013, Mahārāshtra",0,0,,0,Lower Parel,
Chemistry,"Palladium Mall, Third Level, High Street Phoenix, 462, Senapati Bapat Marg, Lower Parel West, Mumbai, Mahārāshtra",0,0,,0,Lower Parel,
High Street Phoenix,"Senapati Bapat Marg (Lower Parel), Mumbai 400013, Mahārāshtra",0,0,,0,Lower Parel,
Gajalee Sea Food @ Phoenix Mills,,0,0,,0,Lower Parel,
Burger King,"High Street Pheonix (Lower Parel), Mumbai 400013, Mahārāshtra",0,0,,0,Lower Parel,
Om Bookshop,"Gr Floor - Grand Galleria (Phoenix Mills), Mumbai, Mahārāshtra",0,0,,0,Lower Parel,
Tryst,"1st Floor, High Street Phoenix (Senapati Bapat Marg, Lower Parel,), Mumbai 400013, Mahārāshtra",0,0,,0,Lower Parel,
Canvas Laugh Club,"Palladium, 3rd Flr., High Street Phoenix (Senapati Bapat Marg, Lower Parel), Mumbai 400013, Mahārāshtra",0,0,,0,Lower Parel,
British Brewing Company,"4th Floor, Palladium, Phoenix (Lower Parel), Mumbai, Mahārāshtra",0,0,,0,Lower Parel,
Smoke House Deli,"Shop No. C-90G, Main Courtyard, High Street Phoenix, Phoenix Mills Compound (Tulsi Pipe Rd), Mumbai 400013, Mahārāshtra",0,0,,0,Lower Parel,
Hamleys,"Block 17, Courtyard Area, Phoenix Mills (Tulsi Pipe Road, Lower Parel), Mumbai 400013, Mahārāshtra",0,0,,0,Lower Parel,
Seven Kitchens,"462, Senapati Bapat Marg, Mumbai 400013, Mahārāshtra",0,0,,0,Lower Parel,
Mainland china asia kitchen,"Palladium Mall, Mumbai, Mahārāshtra",0,0,,0,Lower Parel,
Marks and Spencer,"Phoenix Mills (Lower Parel), Mumbai, Mahārāshtra",0,0,,0,Lower Parel,
Subway,"Skyzone, High Street Phoenix, Lower Parel (Senapati Bapat Marg, Lower Parel), Mumbai 400013, Mahārāshtra",0,0,,0,Lower Parel,
Foodhall,"3rd Floor, Palladium Mall, Lower Parel, Mumbai 400013, Mahārāshtra",0,0,,0,Lower Parel,
Cream Centre,"Phoenix Mills (Lower Parel), Mumbai 400013, Mahārāshtra",0,0,,0,Lower Parel,
PA PA YA,"Level 3, Palladium Mall, Senapati Bapat Marg, Lower Parel, Lower Parel, Mumbai, Maharashtra 400013, Mumbai, Mahārāshtra",0,0,,0,Lower Parel,
Maroosh,"Phoenix Mills, Senapati Bapat Marg (Senapati Bapat Marg), Mumbai 400013, Mahārāshtra",0,0,,0,Lower Parel,
Palladium Social,"Level 3, Palladium Mall (Senapati Baat Marg), Mumbai 400012, Mahārāshtra",0,0,,0,Lower Parel,
Punjab Grill by Jiggs Kalra,"Palladium, Phoenix Mills (N.M. Joshi marg, Parel), Mumbai, Mahārāshtra",0,0,,0,Lower Parel,
H&M,"High Street Phoenix, Mumbai 400013, Mahārāshtra",0,0,,0,Lower Parel,
Francesco's Pizzeria,,0,0,,0,Lower Parel,
Grand Galleria,"Phoenix Mills (Senapati Bapat Marg. Lower Parel), Mumbai 400013, Mahārāshtra",0,0,,0,Lower Parel,
EXO Bar,"462, S B Marg, Lower Parel, (Phoenix Mills.), Mumbai 400013, Mahārāshtra",0,0,,0,Lower Parel,
Asilo - St. Regis,"462, Senapati Bapat Marg, Mumbai 400013, Mahārāshtra",0,0,,0,Lower Parel,
The Sahib Room & Kipling Bar,"The Palladium Hotel (462 Senapati Bapat Marg, Lower Parel), Mumbai 400013, Mahārāshtra",0,0,,0,Lower Parel,
Francesco's,,0,0,,0,Lower Parel,
Yuuka by Ting Yen,"Level 37, Palladium Hotel (462 Senapati Bapat Marg, Lower Parel), Mumbai 400013, Mahārāshtra",0,0,,0,Lower Parel,
Mekong,"The St. Regis Mumbai (Lower Parel), Mumbai, Mahārāshtra",0,0,,0,Lower Parel,
Li Bai - St. Regis,"462, Senapati Bapat Marg, Mumbai 400013, Mahārāshtra",0,0,,0,Lower Parel,
Indigo Delicatessen,"1st Flr., Palladium, High Street Phoenix (Senapati Bapat Marg, Lower Parel), Mumbai 400013, Mahārāshtra",0,0,,0,Lower Parel,
Trupti,"12B, High Street Phoenix (Senapati Bapat Marg Lower Parel), Mumbai 4000013, Mahārāshtra",0,0,,0,Lower Parel,
Lifestyle @ Skyzone,"Phoenix Mills, Lower Parel (Tulsi Pipe Road), Mumbai, Mahārāshtra",0,0,,0,Lower Parel,
Lemon Leaf,"Comet Building, Mumbai, Mahārāshtra",0,0,,0,Bandra West,
Café Coffee Day,Turner Road,0,0,,0,Bandra West,
Pagal Pan Bhandar,"Turner Road (Turner Road, Opposite Lemongrass Restaurant), Mumbai 400050, Mahārāshtra",0,0,,0,Bandra West,
Sahibaan,"Turner Road, Mumbai 400 050, Mahārāshtra",0,0,,0,Bandra West,
Tiffins,"Guru nanak marg, Mumbai 400050, Mahārāshtra",0,0,,0,Bandra West,
145 Bandra,"Hsbc Building, Off Turner Road, Pali Hill, Bandra West, Mumbai, Mahārāshtra",0,0,,0,Bandra West,
The Bandra Project,"C 534A, Ground Floor, Hsbc Building, Dr Ambedkar Road, Pali Hill, Bandra West, Mumbai 400050, Mahārāshtra",0,0,,0,Bandra West,
Sweetish House Mafia,"Shop No.3, Building No.42, Matruchaya, New Link Road, Oshiwara, Mumbai, Mahārāshtra",0,0,,0,Bandra West,
Five Spice Restaurant,"Bandra (West) (Pali Naka), Mumbai City district, Mahārāshtra",0,0,,0,Bandra West,
Burrito Factory,"Shakti Raj Chs, 6, Pali Road, Pali Hill, Bandra West, Mumbai, Mahārāshtra",0,0,,0,Bandra West,
Candylicious The Candy Bouquet Shop,"Bandra (W) (Perry Cross Road), Mumbai, Mahārāshtra",0,0,,0,Bandra West,
BuSaGo,"Pali Hill, Mumbai, Mahārāshtra",0,0,,0,Bandra West,
Papa Pancho Da Dhaba,"Johns Street Dr Ambedkar Road, Mumbai 400 050, Mahārāshtra",0,0,,0,Bandra West,
Kitchen Garden by Suzette,"Pali Naka (Bandra West), Opp Golds Gym, Mahārāshtra",0,0,,0,Bandra West,
Joseph Cold Storage,,0,0,,0,Bandra West,
Suzette,"St John Street, Opp Golds Gym, Pali Naka, Bandra West St John St, Pali Hill, Mumbai (Dr. Ambedkar Road), Mumbai 400050, Mahārāshtra",0,0,,0,Bandra West,
Javaphile,"St John’s Road (St Alexious Road), Mumbai 400050, Mahārāshtra",0,0,,0,Bandra West,
The Irish House,"7, A-Wing, Gasper Enclave (Pali Naka, Pali Hill), Mumbai 400050, Mahārāshtra",0,0,,0,Bandra West,
Mac Craig,"Pali, Mumbai, Mahārāshtra",0,0,,0,Bandra West,
Crossword,"Bandra West (Turner Road), Mumbai 400101, Mahārāshtra",0,0,,0,Bandra West,
Indigo Deli,"Pali Hill (Bandra), Mumbai, Mahārāshtra",0,0,,0,Bandra West,
The Boston Butt,"Palinaka, มุมไบ 400050, มหาราษฏระ",0,0,,0,Bandra West,
Jai hind,Lower Parel,0,0,,0,Bandra West,
Rotunda - The Center For Human Reproduction,"36, Turner Road, Bandra West, Mumbai, Mahārāshtra",0,0,,0,Bandra West,
Kitchen Garden,"Gasper Enclave (St John Street, Bandra), Mumbai 400050, Mahārāshtra",0,0,,0,Bandra West,
Bagelwala!,"Crowne Palace, Near Tarun Tahiliani Sore (Off Turner Rd, Bandra), Mumbai 400050, Mahārāshtra",0,0,,0,Bandra West,
Pixion Studio Smoke 8,,0,0,,0,Bandra West,
Pali Village Café,"602 Ambedkar Road, near Janta, Pali Naka (Bandra), Mumbai 400050, Mahārāshtra",0,0,,0,Bandra West,
Pali Bhavan,"10, Adarsh Nagar, Pali Naka, Near Costa Coffee (Bandra), Mumbai 400050, Mahārāshtra",0,0,,0,Bandra West,
Chantilly,"Shop. 6, Shaktiraj CHS, Mumbai 400050, Mahārāshtra",0,0,,0,Bandra West,
"Tavaa, bandra west","Saqib, Junction Of 24th Turner Road, Bandra (W), Mumbai, Mahārāshtra",0,0,,0,Bandra West,
Modern Stores & Medicals,"Pali Market, Bandra (West) (Pali Mala Road), Mumbai 400050, Mahārāshtra",0,0,,0,Bandra West,
Almeida Park,"Bandra West, Mumbai, Mahārāshtra",0,0,,0,Bandra West,
De Monte Park,"St Andrews Road, Bandra West, Mumbai, Mahārāshtra",0,0,,0,Bandra West,
Toto’s Garage,"7/8, Lourdes Haven Apts, Pali Naka, (Bandra West,), Mumbai 400050, Mahārāshtra",0,0,,0,Bandra West,
Poco Loco,"5 Lourdes Haven, Bandra West, Mumbai, Mahārāshtra",0,0,,0,Bandra West,
Sante,"Pali Market (Bandra West), Mumbai, Mahārāshtra",0,0,,0,Bandra West,
Five Spice,,0,0,,0,Bandra West,
Cafe Andora,"Mumbai, Mahārāshtra",0,0,,0,Bandra West,
Punjab Sweet House And Restaurant,"pali naka (bandra west), Mumbai, Mahārāshtra",0,0,,0,Bandra West,
pack a pav,"Shop Number 2, St Andrews Road, Bandra West, Mumbai, Mahārāshtra",0,0,,0,Bandra West,
Naturals Ice Cream,"near Holy Family Hospital, Mumbai, Mahārāshtra",0,0,,0,Bandra West,
Snack Shack,"Lourdes Haven, Shop No. 2 (Pali Junction, Bandra), Mumbai, Mahārāshtra",0,0,,0,Bandra West,
Shiv Sagar,"Shyam Kunj, 16th Road, Pali Naka (Bandra), Mumbai 400052, Mahārāshtra",0,0,,0,Bandra West,
High On Tea,"Shop No 5, Luis Belle Building, Corner Of 30 .And16th Road, Pali Village, Bandra West, Mumbai 400050, Mahārāshtra",0,0,,0,Bandra West,
Shree Sagar Veg Restaurant,"Mumbai, Mahārāshtra",0,0,,0,Bandra West,
Pronto on the Move,"16th Road (Bandra), Mumbai, Mahārāshtra",0,0,,0,Bandra West,
Marry Me - The Store,"5AA, Pali Hill, Above Candies (Near Learners Academy, Bandra West), Mumbai 400050, Mahārāshtra",0,0,,0,Bandra West,
A Chocolate Affair,"Pali Hill Naka (Bandra), Mumbai, Mahārāshtra",0,0,,0,Bandra West,
Candies,"Union Park, Pali Hill (St. Andrews Rd.), Mumbai 400050, Mahārāshtra",0,0,,0,Bandra West,
Regional Passport Office New,"Videsh Bhavan, Bandra Kurla Complex, Plot No. C-45, G Block, Bandra (East), Mumbai, Mumbai 400051, Mahārāshtra",0,0,,0,Bandra Kurla Complex,
Studio Theatre,"Studio Theatre, 1st and Ground Floor, (NMACC, BKC, Bandra East), Mumbai 400051, Mahārāshtra",0,0,,0,Bandra Kurla Complex,
Grand Theatre,"Grand Theatre, NMACC, (Bandra Kyrla Complex), Mumbai 400051, Mahārāshtra",0,0,,0,Bandra Kurla Complex,
Ladurée,"Mumbai 400051, Mahārāshtra",0,0,,0,Bandra Kurla Complex,
Bombay Blue,"Off Linking Road (Bandra (West)), Mumbai, Mahārāshtra",0,0,,0,Bandra Kurla Complex,
Parinee Crescenzo,"Behind MCA, BKC (Opp MCA), Mumbai 400051, Mahārāshtra",0,0,,0,Bandra Kurla Complex,
Café Coffee Day,"Parinee Creacenzo Building (G-Block, Bandra Kurla Complex), Mumbai 400051, Mahārāshtra",0,0,,0,Bandra Kurla Complex,
Tennis Courts @ MCA,,0,0,,0,Bandra Kurla Complex,
Origami,"Mumbai 400051, Mahārāshtra",0,0,,0,Bandra Kurla Complex,
Maison Inox,"Mumbai 400051, Mahārāshtra",0,0,,0,Bandra Kurla Complex,
O22 Trident,"Trident Hotel, Bandra (Bandra Kurla Complex, Bandra (E)), Mumbai 400098, Mahārāshtra",0,0,,0,Bandra Kurla Complex,
O22,"C-56, G Block, Bandra Kurla Complex, Mumbai 400051, Mahārāshtra",0,0,,0,Bandra Kurla Complex,
Botticino - Trident Hotel,"Bandar Kurla Complex (Trident Hotel), Mumbai, Mahārāshtra",0,0,,0,Bandra Kurla Complex,
Trident Patisserie and Delicatessen,"C-56, G Block, Trident Road, Bandra Kurla Complex, Bandra East, Mumbai, Mahārāshtra",0,0,,0,Bandra Kurla Complex,
Maya,"Trident (BKC), Mumbai, Mahārāshtra",0,0,,0,Bandra Kurla Complex,
MCA Club Bar,"RG Block 2, Mumbai, Mahārāshtra",0,0,,0,Bandra Kurla Complex,
MCA Indoor Academy,"Bandra Kurla Complex, Mumbai, Mahārāshtra",0,0,,0,Bandra Kurla Complex,
Pavilion,"MCA Club (Bandra kurla), Mumbai, Mahārāshtra",0,0,,0,Bandra Kurla Complex,
Oriental Swing @ MCA,"RG-2, G-Block, Bandra Kurla Complex, Bandra East, Mumbai 400051, Mahārāshtra",0,0,,0,Bandra Kurla Complex,
Western Willow,,0,0,,0,Bandra Kurla Complex,
Kotak Mahindra Bank Ltd (27BKC),"27 Bandra Kurla Complex (BKC road), Mumbai 400051, Mahārāshtra",0,0,,0,Bandra Kurla Complex,
Poolside @ MCA,"BKC, Mahārāshtra",0,0,,0,Bandra Kurla Complex,
Ten Downing Street,"4-5012, Trident Road (Bkc, Bandra East), Mumbai 400051, Mahārāshtra",0,0,,0,Bandra Kurla Complex,
Tuskers,,0,0,,0,Bandra Kurla Complex,
ARTISAN,"Lobby Area SOFITEL MUMBAI BKC (C 57 Block G, Bandra Kurla Complex), Mumbai 400 098, Mahārāshtra",0,0,,0,Bandra Kurla Complex,
Chaayos,"Mumbai 400051, Mahārāshtra",0,0,,0,Bandra Kurla Complex,
Le Bar Diamantaire,"BKC (Sofitel), Mumbai, Mahārāshtra",0,0,,0,Bandra Kurla Complex,
Pondicherry - SOFITEL,"C57 (Block G BKC), Mumbai, Mahārāshtra",0,0,,0,Bandra Kurla Complex,
MCA Squash Courts,,0,0,,0,Bandra Kurla Complex,
Telli galli mosque,"Mumbai, Mahārāshtra",0,0,,0,Andheri East,
Chatwani Banquets,,0,0,,0,Andheri East,
Andheri Station Walk,,0,0,,0,Andheri East,
Crescent Plaza.,"Umarji House, Crescent Plaza Annex, Andheri East, Telli Lane, Maharashtra 400069 (Telli Lane), Mumbai 400069, Mahārāshtra",0,0,,0,Andheri East,
Brijwasi,"M.V. Rd, Azad Nagar, Andheri East, Mumbai, Mahārāshtra",0,0,,0,Andheri East,
Junker's Bunker,"Opp Vishal Hall, Andheri Kurla Road, Mumbai 400069, Mahārāshtra",0,0,,0,Andheri East,
Ramesh More Udyan,,0,0,,0,Andheri East,
Sukanya,"14, Gopal Bhavan, Opposite Vaikunt Park (Azad Rd), Mumbai 400069, Mahārāshtra",0,0,,0,Andheri East,
Sai baba temple,"Telli galli, Mumbai 400069, 400069",0,0,,0,Andheri East,
Hell,"Andheri E, Mumbai, Mahārāshtra",0,0,,0,Andheri East,
Sydewok,"N.S. Phadke Road, Mumbai 400 069, Mahārāshtra",0,0,,0,Andheri East,
McDonald's,,0,0,,0,Andheri East,
Hubtown solaris,,0,0,,0,Andheri East,
Gem Dresswalla Pvt Ltd,"1, Moonlight Shopping Centre, Near Vishal Hall, Mumbai, Mahārāshtra",0,0,,0,Andheri East,
Café Downunder,"Ground Floor, Hubtown Solaris, (NS Phadke Marg, Andheri East), Mumbai 400069, Mahārāshtra",0,0,,0,Andheri East,
Café Coffee Day,,0,0,,0,Andheri East,
Vaibhav Restaurant,"Andheri (E), Mumbai City district 400069, Mahārāshtra",0,0,,0,Andheri East,
Havmor Ice-cream Parlor,"Azad Road, Mumbai, Mahārāshtra",0,0,,0,Andheri East,
McDonald's,"Andheri East (Andheri Railway Station), Mumbai 400099, Mahārāshtra",0,0,,0,Andheri East,
Domino's Pizza,"Shop No. 6, Ground Floor, Hubtown Solaris, N. S. Phadke Marg, Near East West Flyover, Andheri East, Mumbai - 400069 Phone, Mumbai 400069, Mahārāshtra",0,0,,0,Andheri East,
A to Z,"near Andheri station, Andheri east, Mahārāshtra",0,0,,0,Andheri East,
Aarsa Hotel,"Mumbai, Mahārāshtra",0,0,,0,Andheri East,
Anupam stationary,,0,0,,0,Andheri East,
Talli's terrace,,0,0,,0,Andheri East,
Akruti,"Saiwadi, Mumbai, Mahārāshtra",0,0,,0,Andheri East,
BMC K ward (East),"Azad Rd. (Andheri (E)), Mumbai, Mahārāshtra",0,0,,0,Andheri East,
Kamgar Kalyan Bhavan,"Gundevi, Andheri East, Mumbai, Mahārāshtra",0,0,,0,Andheri East,
Tapri Chai,,0,0,,0,Andheri East,
Gokhale Bridge,"Andheri W, Mumbai, Mahārāshtra",0,0,,0,Andheri East,
Sanjeevani Hospital,"Station Road, Andheri East, Mumbai, Mahārāshtra",0,0,,0,Andheri East,
349 Business Point,,0,0,,0,Andheri East,
Regency,"Prof N S Phadke Marg, Mumbai 400 069, Mahārāshtra",0,0,,0,Andheri East,
"Versova,Andheri",,0,0,,0,Andheri East,
andheri police station,"Andheri East, Mumbai, Mahārāshtra",0,0,,0,Andheri East,
Merchant House - Nikhils Kitchen,"400069, Mahārāshtra",0,0,,0,Andheri East,
Phoolwala- Mumbai Flower Delivery Partner Florist,"Shop no-4, Azad Road, Near milton apartment Juhu Koliwada, Azad Nagar Santacruz West, Mumbai 400049, Mahārāshtra",0,0,,0,Andheri East,
Canon India Pvt. Ltd.,"Natraj Bldg (Andheri Kurla Road), Mumbai, Mahārāshtra",0,0,,0,Andheri East,
Divya Sagar Wine Shop,,0,0,,0,Andheri East,
Narayan Sandwich,"Near Chinai College (Nagardas Road), Mumbai 400069, Mahrashtra",0,0,,0,Andheri East,
McDonald's,,0,0,,0,Andheri East,
Kino's Cottage,"JP Road, Seven Bungalows, next to Icici Bank (Oshiwara), Andheri West 400058, Mahārāshtra",0,0,,0,Andheri West,
Dimsum & More,"Gold Crown Building (JP Road, Andheri), Mumbai, Mahārāshtra",0,0,,0,Andheri West,
Sancha Ice Creams,"fantasy apartments, picnic cottage (7 bungalows, versova, andheri (west)), Mumbai 400061, Mahārāshtra",0,0,,0,Andheri West,
fresh healthy cafe,"7 Bungalows, Mumbai 400061, Mahārāshtra",0,0,,0,Andheri West,
Natural's,Versova,0,0,,0,Andheri West,
Havmor,"Opposite MTNL office, SV Road, Jogeshwari West, Mumbai, Mahārāshtra",0,0,,0,Andheri West,
The House,,0,0,,0,Andheri West,
d-mart (yari Road),,0,0,,0,Andheri West,
Cake Tree,,0,0,,0,Andheri West,
iVY,"JP Road Arham Nagar (7 Bungalows, Versova), Mumbai, Mahārāshtra",0,0,,0,Andheri West,
Barista,"Ground Floor, Rajnigandha Building New Link Road  Andheri West, Mumbai, Mahārāshtra",0,0,,0,Andheri West,
Tea Villa Cafe Versova,"28, Aaram Nagar 1 (Opposite Darya Mahal, Versova), Mumbai 400061, Mahārāshtra",0,0,,0,Andheri West,
Baskin-Robbins,"Pink apartments, Mumbai, Mahārāshtra",0,0,,0,Andheri West,
Quan Marriot,"Mumbai, Mahārāshtra",0,0,,0,Juhu,
Moshe's,,0,0,,0,Juhu,
Bombay Baking Company,"J W Marriott (Juhu Tara Road), Mumbai 400 049, Mahārāshtra",0,0,,0,Juhu,
Reflections,Mahārāshtra,0,0,,0,Juhu,
Mezzo Mezzo,"JW Marriott (Juhu), Mumbai 400 049, Mahārāshtra",0,0,,0,Juhu,
Enigma Bar and Night Club,"Juhu Tara Rd., Mumbai 400049, Mahārāshtra",0,0,,0,Juhu,
Lotus Café,"Ground Floor, JW Marriott Hotel (Juhu), Mumbai 400050, Mahārāshtra",0,0,,0,Juhu,
"Cafe Coffe Day, Opposite JW Marriott","Juhu Tara Road, Mumbai, Mahārāshtra",0,0,,0,Juhu,
Saffron,"Juhu Tara Road, Mumbai 400049, Mahārāshtra",0,0,,0,Juhu,
JW Marriott Pool,"JW Marrott Hotel (Juhu Tara Rd), Mumbai, Mahārāshtra",0,0,,0,Juhu,
The Class,"Opp J W Marriott (Juhu Tara Road), Mumbai, Mahārāshtra",0,0,,0,Juhu,
JW Marriot Executive Lounge,"JW Marriott Juhu (Juhu Tara Road), Mumbai 400049, Mahārāshtra",0,0,,0,Juhu,
The Class Thali,"9 Standard House, Bombay, Mumbai, Mahārāshtra",0,0,,0,Juhu,
Ice cream works,Phoenix Mills (Lower Parel),0,0,,0,Juhu,
Arola @ JW Marriott,JW Marriott,0,0,,0,Juhu,
Café Coffee Day,"Opp JW Marriott, Mumbai, Mahārāshtra",0,0,,0,Juhu,
Good Earth,"Juhu (Juhu), Mumbai, Mahārāshtra",0,0,,0,Juhu,
Razzberry Rhinoceros,"Juhu Tara Road, Mumbai 400 049, Mahārāshtra",0,0,,0,Juhu,
ENIGMA at J.W.Marriott,"Juhu tara road (J.W.Marriott), Mumbai, Mahārāshtra",0,0,,0,Juhu,
Baskin-Robbins,"Juhu Tara Road, Mumbai 400 049, Mahārāshtra",0,0,,0,Juhu,
Subway,"Juhu, Mumbai 400049, Mahārāshtra",0,0,,0,Juhu,
Home Made Cafe,"Mumbai 400047, Mahārāshtra",0,0,,0,Juhu,
Arola,,0,0,,0,Juhu,
Mahesh Lunch Home,"Juhu Tara Rd, Juhu (next to tulip star), Mumbai 400049, Mahārāshtra",0,0,,0,Juhu,
Salt & Pepper,"Juhu Tara Road, Mumbai, Mahārāshtra",0,0,,0,Juhu,
Juben Wines,"Juhu Tara road (next to JW Marriot), Mumbai, Mahārāshtra",0,0,,0,Juhu,
Tea Villa,,0,0,,0,Juhu,
Sunburn SummerFest,"Tulip Star, Juhu Tara Road (Juhu), Mumbai 400049, Mahārāshtra",0,0,,0,Juhu,
Melting Pot,"Juhu Tara Road (Juhu), Mumbai 400 049, Mahārāshtra",0,0,,0,Juhu,
Pebbles,"Opp JW Marriot (Juhu Tara Road), Mumbai, Mahārāshtra",0,0,,0,Juhu,
Melting Pot,"JVPD Scheme (13th Road), Mumbai, Mahārāshtra",0,0,,0,Juhu,
Ettarra Coffee House,"Mumbai 400049, Mahārāshtra",0,0,,0,Juhu,
Amrapali,"Juhu Church, Mumbai 400049, Mahārāshtra",0,0,,0,Juhu,
Starbucks,"Bawa International (Juhu Tara Rd.), Mumbai 400049, Mahārāshtra",0,0,,0,Juhu,
Juhu Vile Parle.,Mahārāshtra,0,0,,0,Juhu,
Freeman and baker,"Mumbai, Mahārāshtra",0,0,,0,Juhu,
Starbucks,"JANKI KUTIR (JUHU), Mumbai 400049, Mahārāshtra",0,0,,0,Juhu,
Poetry By Love & Cheesecake,"Mumbai 400049, Mahārāshtra",0,0,,0,Juhu,
Ten One,Juhu,0,0,,0,Juhu,
Huber & Holly,"Shop No 17, Ground Floor, 18 .And 19, Beach Haven 2, Juhu Tara Road, Mumbai 400049, Mahārāshtra",0,0,,0,Juhu,
Oyster Shell,"Juhu Tara Rd, Juhu, Mumbai 400049, Mahārāshtra",0,0,,0,Juhu,
Dr. Aggarwal's Clinic,"Near Prithvi Theatre (Juhu Church Road), Mumbai, Mahārāshtra",0,0,,0,Juhu,
Kromakay,"27balvir opp janki kutir, Mumbai 400053, Mahārāshtra",0,0,,0,Juhu,
Barista,,0,0,,0,Juhu,
Prithvi Book Store,"Mumbai 400049, Mahārāshtra",0,0,,0,Juhu,
Prithvi Theatre,"Church Road (Juhu), Mumbai 400049, Mahārāshtra",0,0,,0,Juhu,
Prithvi Cafe,"Juhu Church Road, Mumbai 400 049, Mahārāshtra",0,0,,0,Juhu,
FYI - Frozen Yogurt Inc (Juhu),"Juhu (Next To Prithvi Theatre), Mumbai, Mahārāshtra",0,0,,0,Juhu,
Bayleaf Café,"Mumbai 400049, Mahārāshtra",0,0,,0,Juhu,
Tea Villa Cafe,"765, Juhu Church Road (Juhu), Mumbai 400049, Mahārāshtra",0,0,,0,Juhu,
Balaji,"Hotel Bahri Residency, (2nd Floor), Mumbai 400071, Mahārāshtra",0,0,,0,Powai,
Sagar Restaurant And Bar,"Ground Floor, Panchkutir, Adi Shankaracharya Marg, Mumbai, Mahārāshtra",0,0,,0,Powai,
Retro Rewind Cafe,"2,3 Pant Farms, Mumbai 400076, Mahārāshtra",0,0,,0,Powai,
38 Degree East,"Lake Road, Panchkutir, Mumbai 400079, Mahārāshtra",0,0,,0,Powai,
Mini Punjab,,0,0,,0,Powai,
Sky dhaba,,0,0,,0,Powai,
Sports Bean Cafe,,0,0,,0,Powai,
"Sports Bean Cafe, Powai",,0,0,,0,Powai,
Tina Sweets & Farsan,,0,0,,0,Powai,
Lake View Cafe,"Off Adi Shankaracharya Road, Mumbai 400 087, Mahārāshtra",0,0,,0,Powai,
Bayroute,"G1, Transocean House, Lake Boulevard Road, Hiranandani Business Park, Powai, Mumbai, Maharastra, Mumbai 400076, Mahārāshtra",0,0,,0,Powai,
Burma Burma Restaurant & Tea Room,"Unit G2, Transocean House (Lake Boulevard Road), Mumbai 400076, Mahārāshtra",0,0,,0,Powai,
Madeira & Mime,"G2, transocean house, hiranandani business park, lake boulevard, powai, Mumbai, Mumbai, Mahārāshtra",0,0,,0,Powai,
Mia Cucina,"G3 Transocean, Lake Boulevard Street, Hiranandani Business Park, (Powai), Mumbai 400076, Mahārāshtra",0,0,,0,Powai,
Lord Of The Drinks,"Mumbai 400076, Mahārāshtra",0,0,,0,Powai,
Hitchki,"Building No. 2, Shop No. 5 .And 5A, Transolean House Lake, Boulevard Street, Hiranandani Garden, Mumbai 400079, Mahārāshtra",0,0,,0,Powai,
Fabindia,"Transocean building (Hiranandani( opp powai lake)), Mumbai 400076, Mahārāshtra",0,0,,0,Powai,
Mirchi And Mime,"G-6 , Ground Floor , Transocean House, Lake Boulevard Road, Hiranandani Business Park (Powai), Mumbai, Mahārāshtra",0,0,,0,Powai,
Breadtalk,"Mumbai, Mahārāshtra",0,0,,0,Powai,
Games Ranch,"Binge Central, Mumbai 400076, Mahārāshtra",0,0,,0,Powai,
Hangla's - The taste of Kolkata,"Galleria Mall - Food Court (Hiranandani, Powai), Mumbai, Mahārāshtra",0,0,,0,Powai,
Nirvana Park,"Orchard Avenue, Mumbai 400 076, Mahārāshtra",0,0,,0,Powai,
"Mochi, R-City","R-City Mall,, Mumbai 400086, Mahārāshtra",0,0,,0,Powai,
Binge Central,"Delhi Building (Hiranandani Gardens), Mumbai 400076, Mahārāshtra",0,0,,0,Powai,
Delphi - C Wing,"Hiranandani Business Park, Mumbai, Mahārāshtra",0,0,,0,Powai,
The Nutcracker,"Lake Boulevard Road, Mumbai 400076, Mahārāshtra",0,0,,0,Powai,
Suvarna Mandir,"Powai, Mumbai, Mahārāshtra",0,0,,0,Powai,
Godrej Nature Basket,"Orchard Avenue, Hiranandani Gardens (Powai), Mumbai 400072, Mahārāshtra",0,0,,0,Powai,
Durga Maa Pandal,"Hiranandani, Powai",0,0,,0,Powai,
Mocha,"Hiranandani (Powai), Mumbai, Mahārāshtra",0,0,,0,Powai,
odyssey ii,"orchard avenue road, hiranandani gardens, powai, mu, Mahārāshtra",0,0,,0,Powai,
Starbucks,"Mumbai 400076, Mahārāshtra",0,0,,0,Powai,
"Svastii, the Wellness Haven","Powai, Mahārāshtra",0,0,,0,Powai,
Bougan Villa,"Ghatkopar (opp Railway Station), Mumbai, Mahārāshtra",0,0,,0,Ghatkopar,
Domino's Pizza,"SHOP NO 7-8ADVOCATE CHAMBERRDCRAJ NAGAR,GHAZIABAD - 2010001 PH.NO. 01204865200, Mumbai 400075, Mahārāshtra",0,0,,0,Ghatkopar,
KFC,"Commander Dattaji Salvi Marg, Mahārāshtra",0,0,,0,Ghatkopar,
Sai Leela Bar & Restaurant,"Ghatkopar East, Mumbai, Mahārāshtra",0,0,,0,Ghatkopar,
Meghdoot,"Opp Ghatkopar Railway Station (Ghatkopar West), Mumbai 400086, Mahārāshtra",0,0,,0,Ghatkopar,
Ghatkopar Siddhivinayak Mandir,"Pant Nagar, Ghatkopar, Mumbai 400075, Mahārāshtra",0,0,,0,Ghatkopar,
Balaji Pure Veg,,0,0,,0,Ghatkopar,
Pantnagar,"ghatkopar east, Mumbai, Mahārāshtra",0,0,,0,Ghatkopar,
Samrat Hotel,"Opp Ghatkopar Station (Jawahar road), Mumbai 400077, Mahārāshtra",0,0,,0,Ghatkopar,
The Jalsa by Nanumal Bhojraj,"Patel Chowk, Rb Mehta Marg, 60 Feet Road Oposite Vodafone Gallery, Ghatkopar East, Mumbai, Mahārāshtra",0,0,,0,Ghatkopar,
Bharat Cafe,"Opp. Ghatkopar Station (W), Mumbai 400086, Mahārāshtra",0,0,,0,Ghatkopar,
Exotic Flavours,,0,0,,0,Ghatkopar,
Exotic Flavours Veg Multi Cuisine,,0,0,,0,Ghatkopar,
Ghatkopar east sky walk,,0,0,,0,Ghatkopar,
The Hideout,"400075, Mahārāshtra",0,0,,0,Ghatkopar,
Arun Vaidya Park,"R N Narkar Marg, PantNagar, (Ghatkopar, East), Mumbai 400075, Mahārāshtra",0,0,,0,Ghatkopar,
Capresso,"Ghatkopar east, Mumbai, Mahārāshtra",0,0,,0,Ghatkopar,
Vodafone Store,"Patel Chowk, Ghatkopar East, Mumbai, Mahārāshtra",0,0,,0,Ghatkopar,
Gentle Dental Care,"Guru Dutta Co-op Housing Society (Patel Chowk r.b mehta road), Mumbai 400077, Mahārāshtra",0,0,,0,Ghatkopar,
Parakh Hospital,"Khokani Lane, Opp Ghatkopar Railway Stn (Ghatkopar (E)), Mumbai 400077, Mahārāshtra",0,0,,0,Ghatkopar,
Samaj Mandir Hall,"Pt Nagar Colony Road, Mumbai, Mahārāshtra",0,0,,0,Ghatkopar,
khot lane,Mahārāshtra,0,0,,0,Ghatkopar,
Jankalyan Sahakari Bank Ltd.,"Sanghvi Square, M. G. Road, (Ghatkopar West), Mumbai 400086, Mahārāshtra",0,0,,0,Ghatkopar,
Café Coffee Day,"Tilak Rd, Ghatkopar (E), Mumbai, Mahārāshtra",0,0,,0,Ghatkopar,
Variety Infotech,"A/21, Laxmi Shopping Center, Near New Post Office, Opp. Railway Station, Ghatkopar (W),, Mumbai 400086, Mahārāshtra",0,0,,0,Ghatkopar,
Pizza Etc,"Hingwala Lane, Ghatkopar (E) (Nxt to SVDD School), Mumbai 400077, Mahārāshtra",0,0,,0,Ghatkopar,
Noble chemist,Mahārāshtra,0,0,,0,Ghatkopar,
Popular Hotel,"Ghatkopar (E), Mumbai, Mahārāshtra",0,0,,0,Ghatkopar,
Radha Krishna Wine-N-Dine,"Mumbai, Mahārāshtra",0,0,,0,Ghatkopar,
Noble Medicals,"Patel Chowk (Ghatkopar), Mumbai 400077, Mahārāshtra",0,0,,0,Ghatkopar,
V2 Marketimg,"Mumbai, Mahārāshtra",0,0,,0,Ghatkopar,
Ghatkopar Vegetable Market,"Near Ghatkopar Station, Ghatkopar East, Mumbai 400077, Mahārāshtra",0,0,,0,Ghatkopar,
Ganesh Temple,,0,0,,0,Ghatkopar,
Acharya Ground,Ghatkopar (E),0,0,,0,Ghatkopar,
Rajesh Patkar Institute of Software Engineering Pvt. Ltd.,"Malad West, Mumbai, Mahārāshtra",0,0,,0,Malad,
Gurdwara Malad (East) - Sri Guru Nanak Satsangh Sabha,"Plot No. 18, Near Podar Park (Malad (East)), Mumbai 400097, Mahārāshtra",0,0,,0,Malad,
Hanuman Mandir,"Malad Station Gate No. 1, Mumbai 400001, Mahārāshtra",0,0,,0,Malad,
Cards-N-Gifts,"Shop No.3/1, The Malad Co-Operative Housing Society, Poddar Road, Opp Goal Garden, Malad (east) (Poddar Road), Mumbai 400 064, Mahārāshtra",0,0,,0,Malad,
Dada's Restaurant,,0,0,,0,Malad,
MM Mithaiwala,"Parekh Road (Malad Railway Station), Mumbai 400064, Mahārāshtra",0,0,,0,Malad,
Hotel Gopal,"Opp. The Mall (Station Road, Malad (West)), Mumbai 400064, Mahārāshtra",0,0,,0,Malad,
aditi fast food hotel,"S.V.Road Malad West (Near Malad Railway Station), Mumbai 400067, Mahārāshtra",0,0,,0,Malad,
fortpoint auto,,0,0,,0,Malad,
Gol garden,,0,0,,0,Malad,
Aditi,Uttaranchal,0,0,,0,Malad,
Marinelines,,0,0,,0,Malad,
Shantinath Shopping Center,"Near Malad Station, Mumbai 400067, Maharashstra",0,0,,0,Malad,
El Grotto,"Near malad station, Mahārāshtra",0,0,,0,Malad,
Natraj Market,"Malad Railway Station (Malad West), Mumbai 400064, Mahārāshtra",0,0,,0,Malad,
S.K wine n dine,,0,0,,0,Malad,
Anand Shopping Centre,"Gaushala Lane, Mumbai, Mahārāshtra",0,0,,0,Malad,
Rajesh Ice Cream,"Madarwal Ruia Road, Mumbai, Mahārāshtra",0,0,,0,Malad,
Ajay Arvindbhai Khatri,"Malad West Road, Mumbai, Mahārāshtra",0,0,,0,Malad,
Royal Challenge,"Mumbai, Mahārāshtra",0,0,,0,Malad,
Zafran infinity mall,"Malad (Malad), Mumbai, Mahārāshtra",0,0,,0,Malad,
Hotel Pawan,"Sainath Road (Malad (West)), Mumbai 400064, Mahārāshtra",0,0,,0,Malad,
Foodland,"near malad subway, Mumbai 400064, Mahārāshtra",0,0,,0,Malad,
Ashoka hotel,"Near malad sub way (Malad east), Mumbai, Mahārāshtra",0,0,,0,Malad,
Dr Sushil Tahiliani,"Opp Sri Devi Hotel, (S.V.Road,Near Malad Station), Mumbai, Mahārāshtra",0,0,,0,Malad,
Gupta's Bhel and Pani Puri House,"Himanshu Roy Amarsi Rd (Near New Era Signal), Mumbai 400064, Mahārāshtra",0,0,,0,Malad,
Milan,"Daftari Road (Nr Malad Railway Station), Mumbai 400097, Mahārāshtra",0,0,,0,Malad,
Shreedevi Hotel,"Shree Shopping Centre, Sv Road, Malad West, Mumbai, Mahārāshtra",0,0,,0,Malad,
"Subhash road, Malad",,0,0,,0,Malad,
Kasturba talkies,,0,0,,0,Malad,
Hotel Sapna,"Malad west (S	V road), Mumbai 400064, Mahārāshtra",0,0,,0,Malad,
Sanjeevani Hospital,"Rani Sati Marg, Malad (E), Mumbai, Mahārāshtra",0,0,,0,Malad,
Shree Krishna,,0,0,,0,Malad,
Raghuvanshi Snacks,"Shop no. 3/4, Nalanda Apartments (Datta Mandir Road), Mumbai 400097, Mahārāshtra",0,0,,0,Malad,
Mahindra And Mahindra (School),"Malad (east), Mumbai 400097, Mahārāshtra",0,0,,0,Malad,
Janta Farsan & Sweets,"Malad east, Mumbai, Mahārāshtra",0,0,,0,Malad,
Vertigo,"Malad, Mumbai, Mahārāshtra",0,0,,0,Malad,
MTNL Malad West,"S.V Road,, Mumbai, Mahārāshtra",0,0,,0,Malad,
Sanjay Ice Cream,"Malad West Nr Bata (S V Road), Mumbai, Mahārāshtra",0,0,,0,Malad,
Pool Hunt,"Mumbai, Mahārāshtra",0,0,,0,Kandivali,
Kandivali Fire Brigade,"SV Road (Kandivali West), Mumbai, Mahārāshtra",0,0,,0,Kandivali,
Canara Bank,"Kandivali, Mumbai, Mahārāshtra",0,0,,0,Kandivali,
Chandreshwar wines,"Shop no 6 & 7 , Visa Sorathiya Vanik Niwas (V.L Road, Near Kandivli Railway station , Kandivli), Mumbai 400067, Mahārāshtra",0,0,,0,Kandivali,
World of Titan,"Gulson Sales , Shop No.1 & 2, Mehul Building, LT Road, Borivili (W), Mumbai 400092, Mahārāshtra",0,0,,0,Kandivali,
Sarovar Restaurant,"Payyade International, (V.L. Road,Kandivali west.), Mumbai 400067, Mahārāshtra",0,0,,0,Kandivali,
Power House MMA Training Centre,,0,0,,0,Kandivali,
Adarsh Restaurant & Bar,"K N Cross Road No 1, Jethava Nagar, Vasanji Lalji Road (Near Kandivali Railway St, Kandivali West), Mumbai 400067, Mahārāshtra",0,0,,0,Kandivali,
Krishna Sagar Pure Veg Hotel,"Trikamdas Road; (Near Kandivali Station), Mumbai 400067, Mahārāshtra",0,0,,0,Kandivali,
Ribbons N Ballons,"Mathuradas Road (Kandivali), Mumbai 400067, Mahārāshtra",0,0,,0,Kandivali,
Dairy Don,"mahavir nagar, Mumbai, Mahārāshtra",0,0,,0,Kandivali,
Jain Sweet and Bhelpuri House,"Near Kandivali Station, 400067, Mahārāshtra",0,0,,0,Kandivali,
Monginis Cake Shop,"kandivli, Mumbai 400 093, Mahārāshtra",0,0,,0,Kandivali,
Baskin & Robbins,"MG Road; Kandivali, Mumbai 400067, Mahārāshtra",0,0,,0,Kandivali,
Paratha King,"6119 Mahavir Nagar, Kandivali West (Mahaveer Nagar,Kandivali (west )), Mumbai 400067, Mahārāshtra",0,0,,0,Kandivali,
Public Welfare Department Garden,"Adukia Road; Kandivali West, Mumbai 400067, Mahārāshtra",0,0,,0,Kandivali,
Jamna Nivas (Baa's home),"Vasanji Lalji Road (Opp. Hotel Sarovar), Mumbai 400067, Mahārāshtra",0,0,,0,Kandivali,
Jain Fast Food,"Outside kandivali station (Kandivai west), Mumbai, Mahārāshtra",0,0,,0,Kandivali,
Kala Hanuman Mandir,"Kandivali, Mumbai, Mahārāshtra",0,0,,0,Kandivali,
"Dr Bapat, Dentist","Kandivali, Mumbai, Mahārāshtra",0,0,,0,Kandivali,
Tambi Nastha Stall & Fast Food,"Opp Kandivali West Post office, (Post office lane, Kandivali West), Mumbai 400067, Mahārāshtra",0,0,,0,Kandivali,
Playwin Video Games Parlor,"Trikamdas Road; (Kandivali West), Mumbai 400067, Mahārāshtra",0,0,,0,Kandivali,
"Hotel Sapna, Pure Veg","Opp NL College, SV Road, (Malad West), Mumbai 400067, Mahārāshtra",0,0,,0,Kandivali,
Kandivali West Vegetable Market,"Mathuradas Road (Kandivali West), Mumbai 400067, Mahārāshtra",0,0,,0,Kandivali,
Pool bunt,,0,0,,0,Kandivali,
Apollo Clinic,"M G Road No 1, Tulaskar Wadi, Kandivali West, Mumbai 400067, Mahārāshtra",0,0,,0,Kandivali,
Tha Thai Bhatia Hall,"Shankar lane; Opp Rajguru Flyover; (Kandivali West), Mumbai 400067, Mahārāshtra",0,0,,0,Kandivali,
Mathuradas Road,,0,0,,0,Kandivali,
Kandivali Post office,"Kandivali Post Office (Station Road, Kandivali West), Mumbai 400067, Maharasta",0,0,,0,Kandivali,
Kokilkunj,"M G Road (No. 4), Mumbai 400067, Mahārāshtra",0,0,,0,Kandivali,
Jumbo King,"kandivali, Mahārāshtra",0,0,,0,Kandivali,
Swimming Pool @ KRC Club Kandivali,"KRC Club, Opp SVP School, (Bhogilal Phadia Road, Off Shantilal Modi Rd, Kandi), Mumbai 400067, Mahārāshtra",0,0,,0,Kandivali,
Kiran Fast Food Corner,"Shop no.5, Suraj Heights (Walbhat Road, Bhajiwala Compound), Goregaon East 400063, Mahārāshtra",0,0,,0,Goregaon,
Subway,"Cooling Tower (Nirlon Knowledge Park, Goregaon), Mumbai, Mahārāshtra",0,0,,0,Goregaon,
Prof. Shukla's Library,"5th Floor, I. B. Patel School, Jawahar Nagar (Road No 14, Goregaon (West)), Mumbai 400062, Mahārāshtra",0,0,,0,Goregaon,
Starbucks,"Ground Floor, Block B6 (Nirlon Knowledge Park, Goregaon), Mumbai 400063, Mahārāshtra",0,0,,0,Goregaon,
Vasu Sandwitch,Mahārāshtra,0,0,,0,Goregaon,
Even Systems,"248/249, New Aashirwad Industrial Estate No 5, Ram Mandir Road, Mumbai 400104, Mahārāshtra",0,0,,0,Goregaon,
Amul Scooping Parlour,"City Center, S.V. Road, Goregoan (W) (Next To Cinemax Theatre. Goregaon West.), Mumbai 400062, Mahārāshtra",0,0,,0,Goregaon,
Devi Prasad,"Sector 19, Vashi Turbhe Rd, Navi Mumbai 400705, Mahārāshtra",0,0,,0,Navi Mumbai (Vashi),
FrontStreet,"near Golden Punjab, Navi Mumbai, Mahārāshtra",0,0,,0,Navi Mumbai (Vashi),
Legend,"Sector: 17, Navi Mumbai, Mahārāshtra",0,0,,0,Navi Mumbai (Vashi),
Vashi Post Office,"Sec 16A, Navi Mumbai, Mahārāshtra",0,0,,0,Navi Mumbai (Vashi),
Merchants Gymkhana,,0,0,,0,Navi Mumbai (Vashi),
Persipolis,"Sector 17, Vashi, Mahārāshtra",0,0,,0,Navi Mumbai (Vashi),
Hotel Vishwa Jyot,"72, Shiv Centre, Sector 17, (Vashi,), Navi Mumbai 400703, Mahārāshtra",0,0,,0,Navi Mumbai (Vashi),
Santosh restaurant,"Sector 9A, Vashi 400703, Mahārāshtra",0,0,,0,Navi Mumbai (Vashi),
Atithi Fine Dining,,0,0,,0,Navi Mumbai (Vashi),
vishwajot hotel,,0,0,,0,Navi Mumbai (Vashi),
Sweta Palace Tapri,,0,0,,0,Navi Mumbai (Vashi),
The Cosmetic Clinic - Dentist in Vashi,"Shop No.67, Arenja Corner, Sector 17 (Vashi), Navi Mumbai 400703, Mahārāshtra",0,0,,0,Navi Mumbai (Vashi),
Abbott: The Creek,Vashi,0,0,,0,Navi Mumbai (Vashi),
Marosh Pita & Hummus,"Sec 17, Navi Mumbai, Mahārāshtra",0,0,,0,Navi Mumbai (Vashi),
Hotel Supreme Heritage,"Sector 19 (Vashi), Navi Mumbai 400705, Mahārāshtra",0,0,,0,Navi Mumbai (Vashi),
Sweta Palace,"Sector 17, Navi Mumbai, Mahārāshtra",0,0,,0,Navi Mumbai (Vashi),
The Bar Stock Exchange,"Navi Mumbai 400703, Mahārāshtra",0,0,,0,Navi Mumbai (Vashi),
Shiv Centre,"Plot No.72, Sant Lawrence High School Marg, Tushbhi Sector 17, Vashi, Navi Mumbai, Mahārāshtra",0,0,,0,Navi Mumbai (Vashi),
Plug In,"Welfare Chambers (Plot 73, Sector-17, Vashi), Navi Mumbai 400705, Mahārāshtra",0,0,,0,Navi Mumbai (Vashi),
Mark International,"31 Mafco Apm Yard, Sector 18 Vashi, Navi Mumbai 400705, Mahārāshtra",0,0,,0,Navi Mumbai (Vashi),
J K Chambers,"Sector 17 (Vashi), New Mumbai",0,0,,0,Navi Mumbai (Vashi),
City Centre Mall,"Vashi (Palm Beach Road), Mumbai, Mahārāshtra",0,0,,0,Navi Mumbai (Vashi),
"RTO Office, Vashi.","Navi Mumbai 400706, Mahārāshtra",0,0,,0,Navi Mumbai (Vashi),
Amul Ice Cream Parlour,"Sec 17 (Vashi), Mahārāshtra",0,0,,0,Navi Mumbai (Vashi),
Lane with the singing dog,"Vashi, Navi Mumbai, Mahārāshtra",0,0,,0,Navi Mumbai (Vashi),
Sector 16,"Vashi, Navi Mumbai, Mahārāshtra",0,0,,0,Navi Mumbai (Vashi),
Gupta Sandwich,"Vashi Plaza, Sector 17 (Vashi), Navi Mumbai 400705, Mahārāshtra",0,0,,0,Navi Mumbai (Vashi),
Abbott Hotel,"Vashi 400703, Mahārāshtra",0,0,,0,Navi Mumbai (Vashi),
Santosh Bhuvan,"Jain Society, Sion west, Mumbai 400022, Mahārāshtra",0,0,,0,Sion,
Guru Nanak School,"Sion West, Mumbai, Mahārāshtra",0,0,,0,Sion,
Sion Jain Upashray,"Jain society , sion west, Mumbai 400022, Mahārāshtra",0,0,,0,Sion,
Printstop,"Road No 24, Sion West, (opp SIES College), Mumbai 400022, Mahārāshtra",0,0,,0,Sion,
Vodafone Store,"Sion West, Eastern Exress Hwy, Mumbai 400022, Mahārāshtra",0,0,,0,Sion,
Abhinandan Swami Jain Temple,,0,0,,0,Sion,
Kaya Skin Clinic,"Plot No. 180, Ground Floor, Sion (West) (Nr. Sion Hospital,), Mumbai 400022, Mahārāshtra",0,0,,0,Sion,
Coffee Day Express,"Opposite Mata Laxmi Hospital (Sion (east)), Mumbai, Mahārāshtra",0,0,,0,Sion,
A1 Samosa Sion,,0,0,,0,Sion,
Peninsula,"117 Peace Heaven, Mumbai 400022, Mahārāshtra",0,0,,0,Sion,
Guru Kripa,"Guru Kripa Building, Near SIES College (Rd No 24), Mumbai 400022, Mahārāshtra",0,0,,0,Sion,
Guru Kripa (A1 Samosa),"Sion, Mumbai, Mahārāshtra",0,0,,0,Sion,
Grab A Bite,,0,0,,0,Sion,
Reliance Fresh,"Near Eastern Express Highway (Sion), Mumbai, Mahārāshtra",0,0,,0,Sion,
Vijay Sales,"Sion Circle, Mahārāshtra",0,0,,0,Sion,
cafe istaa,"Sion East, Mumbai, Mahārāshtra",0,0,,0,Sion,
Basu Tailors,"Koliwada, Mumbai, Mahārāshtra",0,0,,0,Sion,
Subway,"Sion Circle, Mumbai, Mahārāshtra",0,0,,0,Sion,
Tibb's FRANKIE,"King's Circle (Outside S.S.S Nagar), Mumbai 400037, Mahārāshtra",0,0,,0,Sion,
Dadar,"Mumbai, Mahārāshtra",0,0,,0,Matunga,
Veer Kotwal Udyan,"Opp. Plaza Theatre, Mumbai, Mahārāshtra",0,0,,0,Matunga,
Hanuman Mandir,"Outside dadar station (Dadar east), Mumbai, Mahārāshtra",0,0,,0,Matunga,
Shrikrishna Wada,"chabildas rd (dadar), Mumbai, Mahārāshtra",0,0,,0,Matunga,
Shree Krishna Batata Wada,"Off Chhabildas Road (Dadar West), Mumbai 400 028, Mahārāshtra",0,0,,0,Matunga,
J J Mehta And Sons,"Chhabildas Road, Mumbai 400028, Mahārāshtra",0,0,,0,Matunga,
Punjabi Tadka,"opp Swami Narayan Mandir, Dadar east, Mumbai 400014, Mahārāshtra",0,0,,0,Matunga,
McDonald's,"dadar E, Mumbai, Mahārāshtra",0,0,,0,Matunga,
Wholesale Flower Market,"Dadar Station, Mumbai, Mahārāshtra",0,0,,0,Matunga,
Kailash Lassi,"Dadar East, Mumbai, Mahārāshtra",0,0,,0,Matunga,
INOX Nakshatra,"2nd Floor, Nakshatra Cine Shoppe, Ranade Road (Dadar West), Mumbai 400028, Mahārāshtra",0,0,,0,Matunga,
Gopal Krishna Bar & Restaurant,"Kabutar Khana (Near Dadar Station), Dadar 400028, Mahārāshtra",0,0,,0,Matunga,
D. Damodar Mithaiwala,"Khodadad Circle, Mumbai 400 014, Mahārāshtra",0,0,,0,Matunga,
Café Coffee Day,"Swami Gyan Jivandas Marg (Dr Ambedkar Marg), Mumbai 400014, Mahārāshtra",0,0,,0,Matunga,
Hotel Midtown Pritam,"Dharam Putra, Dadar TT Cir, Dadar East, Dadar, Mumbai 400014, Mahārāshtra",0,0,,0,Matunga,
Dadar Surti Farsan Mart,"Shop No 6/7/8, Javale Wadi, Ranade Road, Dadar West, Mumbai, Mahārāshtra",0,0,,0,Matunga,
Cafe Colony Stores,Hindu Colony,0,0,,0,Matunga,
Time Watchmakers,"D-14 Empire Mahal, Khodadad Circle (Dadar T.T.), Mumbai 400014, Mahārāshtra",0,0,,0,Matunga,
Parag Juice Center,"Circle, Dadar West, Mumbai, Maharashtra (Dadar (West)), Mumbai, Mahārāshtra",0,0,,0,Matunga,
Grandmama's Café,"Next To Pritam (Off BA road), Mumbai 400014, Mahārāshtra",0,0,,0,Matunga,
Pritam Da Dhaba,"Dr. Ambedkar Road, Dadar (East), Mumbai 400014, Mahārāshtra",0,0,,0,Matunga,
Nuetron (Blackberry Service Center),,0,0,,0,Matunga,
Chetan Bar and Resturant,"Mumbai, Mahārāshtra",0,0,,0,Matunga,
Trupti Pure Vegetarian,"Shop No. 8, Akanksha Building, Opposite Plaza Cinema, N. C. Kelkar Road, Mumbai 400028, Mahārāshtra",0,0,,0,Matunga,
Kabutar khana,"Purandare Chowk, Near Dadar Station (N C Kelkar Road, Dadar West), Mumbai 400028, Mahārāshtra",0,0,,0,Matunga,
Fumes,"MMG Sangrahalaya Marg, Dadar West, Mumbai, Mahārāshtra",0,0,,0,Matunga,
Red Box Cafe,,0,0,,0,Matunga,
Vidyalankar Classes (West),"39, Vadhani Industrial Estate, L.B.S. Marg, Ghatkopar West, Mumbai 400086, Mahārāshtra",0,0,,0,Matunga,
Silver Spring,West Bengal,0,0,,0,Matunga,
Café Coffee Day,"Shop No 11 And 12, Empress Mahal, C-170, Dr Ambedkar Road, Dadar Tt, Khodadad Circle, Dadar East, Mumbai, Mahārāshtra",0,0,,0,Matunga,
Jyoti Veg Restaurant,"khodadad circle (dadar TT), Mumbai 400014, Mahārāshtra",0,0,,0,Matunga,
Kohinoor Electronics Dadar,"Opp Dadar Fire Brigade (Station Road), Mumbai 400014, Mahārāshtra",0,0,,0,Matunga,
Shivaji Mandir,"Diagonally Opposite To Plaza Cinema, Dadar (West) (N.C. Kelkar Road), Mumbai 400028, Mahārāshtra",0,0,,0,Matunga,
Panshikar,"218 Gananath Chs, Mumbai, Mahārāshtra",0,0,,0,Matunga,
Star Mall Dadar,,0,0,,0,Matunga,
Gomantak Restaurant,"N.C.Kelkar Road (Dadar), Mumbai 400028, Mahārāshtra",0,0,,0,Matunga,
Jeet Nagar,"JP Road (versova, andheri west), Mumbai, Mahārāshtra",0,0,,0,Versova,
Mia,"10A And B, Aaraam Nagar 2, J P Road, Versova, Andheri West, Mumbai, Mahārāshtra",0,0,,0,Versova,
CHINTHAI the restaurant,"shop No.6,Beach Appartments (Picnic Cottage,J.P road), Mumbai, Mahārāshtra",0,0,,0,Versova,
Soro Zai,"Mumbai 400061, Mahārāshtra",0,0,,0,Versova,
Cheeliza,,0,0,,0,Versova,
KTR (Karnataka Tiffin Room),"Varsova, Mumbai 400061, Mahārāshtra",0,0,,0,Versova,
Jumbo king,"Versova, Mumbai, Mahārāshtra",0,0,,0,Versova,
Barista,"Shop 51 GF, Branch Queen, Versova, Mumbai, Mahārāshtra",0,0,,0,Versova,
Jam Jar Diner,"Aram Nagar 2, Next to The Washing Bay laundry, Across the road from Subway, Versova (Andheri), Mumbai 400061, Mahārāshtra",0,0,,0,Versova,
balwas marine lines,,0,0,,0,Versova,
Blue Tokai Coffee Roasters,"Palm Beach Apartments, J. P. Nagar, Aram Nagar (Versova), Mumbai 400061, Mahārāshtra",0,0,,0,Versova,
6th Street Yogurt,"8, Beach Queen CHSL, JP Road, Versova, Andheri West, Mumbai, Mumbai, Mahārāshtra",0,0,,0,Versova,
Yogurtbay,"Chai Coffi (Versova, Yari Road), Mumbai, Mahārāshtra",0,0,,0,Versova,
Chaayos,"Next to Yamu's Panchayat, Opp. Silver View (JP Road, Versova, Andheri West), Mumbai 400061, Mahārāshtra",0,0,,0,Versova,
Fil Fil,"J P Road, (Versova, andheri West), Mumbai, Mahārāshtra",0,0,,0,Versova,
Subway,"3-4, Darya Darshan, JP Road Seaface (Versova, Andheri West), Mumbai 400061, Mahārāshtra",0,0,,0,Versova,
Versowa Rocks,,0,0,,0,Versova,
Park,,0,0,,0,Versova,
Studio Skull,"173, Aram Nagar 1 (Versova, Andheri West), Mumbai 400053, Mahārāshtra",0,0,,0,Versova,
Domino's Pizza,"GROUND FLOOR, SHOP NOS 3&4,MOUNT BUILDING, J P ROAD, VERSOVA,,MUMBAI - 400061 PH.NO. 022-26375950/51/52/53/54/55/56/57, Mumbai 400061, Mahārāshtra",0,0,,0,Versova,
D mart,"Yari road (Andheri), Mumbai, Mahārāshtra",0,0,,0,Versova,
Fire N Spice,,0,0,,0,Versova,
Versova Sea Face,"Jai Prakash Rd (Versova), Mumbai, Mahārāshtra",0,0,,0,Versova,
Redbox Cafe,Mahārāshtra,0,0,,0,Versova,
icici bank versova,,0,0,,0,Versova,
Tea Villa Cafe Versova,"28, Aaram Nagar 1 (Opposite Darya Mahal, Versova), Mumbai 400061, Mahārāshtra",0,0,,0,Versova,
Styx - Snooker n Cafe,"Gita Villa 18, Aaram Nagar Part 1 (JP Road), Mumbai 400061, Mahārāshtra",0,0,,0,Versova,
14 Sauce Story,"Versova, Mumbai, Mahārāshtra",0,0,,0,Versova,
I'm mad so ?,,0,0,,0,Versova,
picadilly Picadilly Picadilly,,0,0,,0,Versova,
Versova,"Mumbai, Mahārāshtra",0,0,,0,Versova,
Leaping Windows Cafe,"3, Corner View, Off Yari Road, Opposite Bianca Towers Versova, Andheri (West) (Off Raheja's), Mumbai 400061, Mahārāshtra",0,0,,0,Versova,
Barista,"Ground Floor, Rajnigandha Building New Link Road  Andheri West, Mumbai, Mahārāshtra",0,0,,0,Versova,
iVY,"JP Road Arham Nagar (7 Bungalows, Versova), Mumbai, Mahārāshtra",0,0,,0,Versova,
Nawab Kebab,"Off yari rd, panch marg, Mumbai 400061, Mahārāshtra",0,0,,0,Versova,
Versova Beach,"Versova (Andheri west), Mumbai 400061, Mahārāshtra",0,0,,0,Versova,
Ivy wine cafe and bistro,"Jp road (Versova), Mumbai, Mahārāshtra",0,0,,0,Versova,
Costa Coffee,Inside ShopperStop Juhu,0,0,,0,Versova,
Bianca Towers,"Mumbai, Mahārāshtra",0,0,,0,Versova,
Barrio,"J.P Road (Versova), Mumbai 400061, Mahārāshtra",0,0,,0,Versova,
house,"versova, Mumbai, Mahārāshtra",0,0,,0,Versova,
The House,,0,0,,0,Versova,
Sirocco,"Inch By Inch Body Temple, Jp Road, Off Yari Road, Panch Nagar, Mumbai, Mahārāshtra",0,0,,0,Versova,
Ganga Bhavan,"Jay Prakash Road, Mumbai, Mahārāshtra",0,0,,0,Versova,
Natural’s,"Mumbai 400049, Mahārāshtra",0,0,,0,Versova,
Scrumptious Eatery,"Yari Rd, Mumbai, Mahārāshtra",0,0,,0,Versova,
Guru kripa punjabi dhaba,"Versova, Mahārāshtra",0,0,,0,Versova,
Hanuman Temple,"7 bungalow, Mahārāshtra",0,0,,0,Versova,
Bar Bank,"Kailash Complex Slope, Mumbai 400083, Mahārāshtra",0,0,,0,Vikhroli,
Hangla's,"Main St, Powai, Mumbai, Mahārāshtra",0,0,,0,Vikhroli,
Dr. L H Hiranandani Hospital,"Hill Side Avenue, Hiranandani Gardens (Powai), Mumbai 400 076, Mahārāshtra",0,0,,0,Vikhroli,
Neptune Magnet Mall,"Next to Metro Departmental Store & Magatram Gas Station (L.B.S Marg , Bhandup (W)), Mumbai, Mahārāshtra",0,0,,0,Vikhroli,
